id,name,model_id:id,group_id:id,perm_read,perm_write,perm_create,perm_unlink
access_clinicraquel_session,clinicraquel.session,model_clinicraquel_session,base.group_user,1,1,1,1
access_clinicraquel_technique,clinicraquel.technique,model_clinicraquel_technique,base.group_user,1,1,1,1
access_clinicraquel_register,clinicraquel.register,model_clinicraquel_register,base.group_user,1,1,1,1
access_clinicraquel_treatment,clinicraquel.treatment,model_clinicraquel_treatment,base.group_user,1,1,1,1
access_clinicraquel_client,clinicraquel.client,model_clinicraquel_client,base.group_user,1,1,1,1
access_clinicraquel_professional,clinicraquel.professional,model_clinicraquel_professional,base.group_user,1,1,1,1
access_clinicraquel_stock,clinicraquel.stock,model_clinicraquel_stock,base.group_user,1,1,1,1
access_clinicraquel_producto,clinicraquel.producto,model_clinicraquel_producto,base.group_user,1,1,1,1
